rsid,chrom,pos,ref,alt,OR,log(OR)se,z_stat,allele,unadjusted,FDR_BH,genes,all_ref/ref_count,all_ref/alt_count,all_alt/alt_count,neg_ref/ref_count,neg_ref/alt_count,neg_alt/alt_count
rs78812384,1,23010566,G,A,1.62854,0.159975,3.04848,G,0.00230001,0.511704,"C1QB,C1QA,C1QC",137,14984,322026,2,37,530
rs294218,1,23033257,A,C,0.835872,0.0627681,-2.85623,C,0.00428711,0.511704,"C1QB,C1QC",130765,158265,48117,254,247,68
rs7556361,1,57276195,T,C,1.24339,0.0844907,2.57826,T,0.00992986,0.511704,C8A,4812,70663,261672,10,144,415
rs4667178,2,188460461,C,T,0.853538,0.0611016,-2.59183,T,0.00954676,0.298932,TFPI,112441,164933,59773,221,259,89
rs68012016,3,186984641,T,C,0.580173,0.210911,-2.58132,T,0.00984235,0.857006,MASP1,367,22398,314382,1,21,547
rs6886902,5,75957306,A,G,0.8055,0.0680187,-3.17988,A,0.00147334,0.275515,F2R,30039,141922,165186,40,212,317
rs6896971,5,75954939,G,A,0.839347,0.0599412,-2.92171,A,0.00348119,0.325491,F2R,88395,169690,79062,172,290,107
rs1620921,6,161197087,G,A,0.849538,0.05995,-2.71997,A,0.00652877,0.692686,PLG,94438,168007,74702,187,274,108
rs8178872,8,42064717,A,G,1.53695,0.155715,2.76016,A,0.00577722,0.121322,PLAT,211,16398,320538,1,41,527
rs12338903,9,123703686,C,T,1.34716,0.100809,2.95606,C,0.00311595,0.109058,C5,1787,45435,289925,4,101,464
rs12685539,9,123856925,G,T,0.269527,0.501007,-2.61691,G,0.00887303,0.155278,C5,61,8550,328536,0,4,565
rs2227568,10,75673879,T,C,1.3293,0.075501,3.77014,T,0.000163155,0.0068525,PLAU,7683,85966,243498,12,193,364
rs60602315,10,75705435,A,G,1.25156,0.0778957,2.88066,A,0.00396844,0.0833372,PLAU,7086,75370,198203,17,151,312
rs55761427,12,9243017,A,G,0.481228,0.260198,-2.81099,A,0.0049389,0.357994,A2M,232,17657,319258,0,15,554
rs73046138,12,7182138,T,C,1.66795,0.182291,2.80647,T,0.00500874,0.357994,"C1S,C1R",97,10992,326058,1,29,539
rs117623856,12,8278565,T,C,0.527265,0.237608,-2.69374,T,0.00706563,0.357994,C3AR1,318,19445,317384,0,18,551
rs998908,12,6291892,G,A,1.17119,0.059501,2.65582,G,0.00791148,0.357994,VWF,82489,168484,86174,173,262,134
rs116384279,13,113708806,T,C,1.76485,0.182951,3.10501,T,0.00190271,0.169341,F7,65,10441,326641,0,31,538
rs4934,14,95080803,A,G,1.22412,0.0594672,3.40053,A,0.000672546,0.0520352,SERPINA5,79451,168249,89447,160,290,119
rs1884082,14,95078677,T,G,0.817176,0.0597976,-3.37641,G,0.000734397,0.0520352,SERPINA5,88083,168446,80618,173,293,103
rs7151480,14,95076617,T,C,0.818923,0.0600672,-3.3257,C,0.000881953,0.0520352,SERPINA5,93900,168019,75228,182,293,94
rs17826465,14,95081081,G,A,0.720285,0.107334,-3.05688,G,0.00223653,0.0989664,SERPINA5,4199,67436,265512,2,91,476
rs75867666,14,96647777,A,G,1.46613,0.137357,2.78566,A,0.00534183,0.189101,BDKRB2,394,22346,314407,1,54,514
rs75565743,19,6621874,A,G,1.95572,0.182666,3.67205,A,0.000240615,0.0538978,C3,62,9412,327673,0,31,538
rs339400,19,6737063,C,T,0.72052,0.101134,-3.24107,T,0.00119081,0.109236,C3,257084,74559,5504,470,90,9
rs340138,19,6737481,C,T,0.724794,0.101155,-3.18193,T,0.00146299,0.109236,C3,257457,74265,5425,470,90,9
rs78809666,19,47855351,A,G,1.59968,0.153791,3.05481,A,0.00225207,0.126116,C5AR1,214,16131,320802,1,42,526
