rsid,chrom,pos,ref,alt,OR,log(OR)se,z_stat,allele,unadjusted,FDR_BH,genes,all_ref/ref_count,all_ref/alt_count,all_alt/alt_count,pos_severe_ref/ref_count,pos_severe_ref/alt_count,pos_severe_alt/alt_count
rs45574833,1,207300070,A,G,2.64776,0.222419,4.37783,A,1.19866e-05,0.00455492,"C4BPB,C4BPA",46,8163,328938,1,19,312
rs61821114,1,207610967,T,C,2.39526,0.212492,4.1107,T,3.94457e-05,0.00749468,"CR2,CR1",73,9837,327237,1,21,310
rs61821041,1,207352581,G,A,2.3377,0.233369,3.63874,G,0.00027397,0.032234,C4BPA,48,8348,328751,1,17,314
rs12064775,1,196600605,G,A,2.13153,0.212588,3.56012,G,0.000370689,0.032234,CFH,94,11012,326041,0,23,309
rs72729504,1,94940206,T,C,1.93339,0.18705,3.52459,T,0.000424132,0.032234,F3,191,15679,321277,0,30,302
rs6032,1,169511555,C,T,0.757942,0.0935849,-2.96147,C,0.00306175,0.171575,F5,24914,133850,178383,18,111,203
rs74426084,1,95058328,G,A,1.47809,0.135519,2.88335,G,0.00393472,0.171575,F3,1348,39902,295897,6,48,278
rs4524,1,169511755,C,T,0.766527,0.0933426,-2.84848,C,0.00439282,0.171575,F5,24852,133646,178649,19,110,203
rs4525,1,169511734,C,T,0.767112,0.0933156,-2.84113,C,0.00449536,0.171575,F5,24877,133520,178750,19,110,203
rs2213866,1,169489512,G,A,0.767204,0.0933197,-2.83973,G,0.00451514,0.171575,F5,24875,133529,178743,19,110,203
rs7556361,1,57276195,T,C,1.33854,0.107699,2.70733,T,0.00678266,0.218976,C8A,4812,70663,261672,8,86,238
rs35634602,1,196696857,G,A,1.52783,0.157723,2.6873,G,0.00720322,0.218976,CFH,642,27778,308727,1,41,290
rs492053,1,22907482,G,A,1.54725,0.16322,2.67418,A,0.00749128,0.218976,C1QA,310822,25788,537,294,36,2
rs885391,1,57477473,T,C,1.30276,0.101052,2.6173,T,0.00886283,0.2311,C8B,7038,83542,246567,14,92,226
rs75202466,1,207303477,C,T,1.8337,0.232541,2.60743,C,0.00912238,0.2311,"C4BPB,C4BPA",97,10431,326619,0,19,313
rs114842084,3,186963404,T,A,2.15802,0.276214,2.78477,T,0.0053565,0.707058,MASP1,39,6066,329811,0,12,317
rs78730002,4,110677014,C,T,1.86541,0.212721,2.93097,C,0.00337903,0.466306,CFI,114,12535,324498,0,23,309
rs79891491,4,110679456,T,C,1.61339,0.176848,2.70478,T,0.00683486,0.471605,CFI,321,21431,315395,0,34,298
rs3024329,6,6316135,G,T,1.43224,0.109063,3.29385,G,0.00098824,0.248048,F13A1,4009,65556,267582,9,81,242
rs6447,6,32008924,A,G,1.97066,0.22734,2.98393,A,0.00284567,0.354093,"C4A,C4B",81,10284,326782,0,20,312
rs12524441,6,32024234,A,G,1.92497,0.228964,2.86032,A,0.00423218,0.354093,"C4A,C4B",43,10665,326439,0,20,312
rs34562262,6,32020961,C,G,0.555802,0.212312,-2.76642,C,0.0056675,0.355635,"C4A,C4B",1257,38415,297475,0,23,309
rs115062572,6,31862876,T,C,1.65789,0.189954,2.6614,T,0.0077816,0.357634,"C2,CFB",251,17489,319407,0,29,303
rs41267086,6,31847636,A,G,0.532958,0.239321,-2.62958,A,0.00854902,0.357634,C2,778,31904,304465,1,16,315
rs17244432,9,139801662,A,G,2.2135,0.253727,3.13161,A,0.0017385,0.0608476,C8G,40,7361,329746,0,16,316
rs117284601,11,57425228,A,G,1.80043,0.151694,3.87638,A,0.000106022,0.00742154,SERPING1,545,26364,310238,1,45,286
rs4883215,12,9314207,G,A,0.795062,0.0865838,-2.64871,G,0.00808003,0.999671,A2M,36081,148221,152845,27,131,174
rs9913923,17,1703982,T,C,1.48131,0.113865,3.45078,T,0.000558963,0.030184,SERPINF2,3102,57854,276191,6,77,249
rs12150338,17,1634104,T,C,1.44023,0.117702,3.09936,T,0.0019394,0.0523637,SERPINF2,2668,55648,278831,5,73,254
rs1047286,19,6713262,A,G,0.656802,0.108173,-3.88613,A,0.000101855,0.0228156,C3,15410,113395,208342,5,91,236
rs2230203,19,6710782,T,G,0.660121,0.113613,-3.65567,T,0.000256514,0.0287296,C3,12141,104509,220497,5,80,247
rs2230199,19,6718387,C,G,0.684134,0.107067,-3.54547,C,0.000391917,0.0292632,C3,14584,108678,201485,5,95,226
rs344560,19,6665020,C,T,1.56264,0.141351,3.15794,T,0.00158888,0.088977,C3,301200,34997,950,278,53,1
rs2291668,19,6669934,A,G,1.31483,0.0959581,2.85237,A,0.00433952,0.19441,C3,9201,93183,234763,14,109,209
rs344548,19,6685817,C,G,0.74027,0.115017,-2.61474,G,0.00892962,0.333372,C3,233002,94473,9672,248,81,3
