rsid,chrom,pos,ref,alt,OR,log(OR)se,z_stat,allele,unadjusted,FDR_BH,genes,all_ref/ref_count,all_ref/alt_count,all_alt/alt_count,pos_ref/ref_count,pos_ref/alt_count,pos_alt/alt_count
rs45574833,1,207300070,A,G,2.2493,0.221885,3.65333,A,0.000258861,0.098367,"C4BPB,C4BPA",46,8163,328938,1,19,368
rs72729504,1,94940206,T,C,1.81737,0.178105,3.35414,T,0.000796123,0.101936,F3,191,15679,321277,0,33,355
rs61821114,1,207610967,T,C,2.03496,0.21201,3.35115,T,0.00080476,0.101936,"CR1,CR2",73,9837,327237,1,21,366
rs6032,1,169511555,C,T,0.765507,0.0863562,-3.09436,C,0.00197235,0.126422,F5,24914,133850,178383,22,129,237
rs12064775,1,196600605,G,A,1.89948,0.207718,3.08871,G,0.0020103,0.126422,CFH,94,11012,326041,0,24,364
rs2213866,1,169489512,G,A,0.768136,0.0863197,-3.05595,G,0.00224348,0.126422,F5,24875,133529,178743,22,129,237
rs4524,1,169511755,C,T,0.773169,0.0861626,-2.98573,C,0.00282904,0.126422,F5,24852,133646,178649,23,128,237
rs4525,1,169511734,C,T,0.773752,0.0861383,-2.97782,C,0.00290308,0.126422,F5,24877,133520,178750,23,128,237
rs61821041,1,207352581,G,A,1.99032,0.232873,2.95566,G,0.00312006,0.126422,C4BPA,48,8348,328751,1,17,370
rs115234884,1,208018454,T,C,0.300232,0.409837,-2.9358,T,0.00332689,0.126422,CD46,231,16503,320413,0,6,382
rs12731740,1,208024820,T,C,1.34221,0.106826,2.75512,T,0.00586707,0.20268,CD46,3447,60868,272832,6,89,293
rs885391,1,57477473,T,C,1.28793,0.0938095,2.69738,T,0.00698872,0.209393,C8B,7038,83542,246567,14,111,263
rs17433871,1,23016103,C,T,0.795429,0.0851099,-2.68915,C,0.00716345,0.209393,"C1QB,C1QA,C1QC",25469,134404,177274,21,138,229
rs6030,1,169498975,C,T,0.811151,0.079841,-2.62147,C,0.00875506,0.237637,F5,35818,148374,152955,30,159,199
rs114842084,3,186963404,T,A,2.11841,0.257886,2.91083,T,0.00360464,0.475813,MASP1,39,6066,329811,0,14,371
rs6447,6,32008924,A,G,1.93478,0.21198,3.11347,A,0.00184899,0.240877,"C4A,C4B",81,10284,326782,0,23,365
rs3024329,6,6316135,G,T,1.36551,0.102646,3.035,G,0.00240538,0.240877,F13A1,4009,65556,267582,10,91,287
rs12524441,6,32024234,A,G,1.88917,0.213443,2.98037,A,0.00287901,0.240877,"C4A,C4B",43,10665,326439,0,23,365
rs34562262,6,32020961,C,G,0.581758,0.192575,-2.81294,C,0.00490912,0.308047,"C4A,C4B",1257,38415,297475,0,28,360
rs41267086,6,31847636,A,G,0.556106,0.216629,-2.70876,A,0.00675352,0.339026,C2,778,31904,304465,1,20,367
rs2844456,6,31864674,C,T,0.618114,0.186247,-2.58303,C,0.00979362,0.4097,"C2,CFB",1309,38767,297071,1,28,359
rs17244432,9,139801662,A,G,2.13149,0.239112,3.16514,A,0.0015501,0.0542536,C8G,40,7361,329746,0,18,370
rs17250539,9,139812457,T,C,0.738666,0.116746,-2.59461,T,0.00946995,0.165724,C8G,6497,79800,250850,6,70,312
rs2675661,10,75705977,G,T,1.49234,0.154355,2.59365,G,0.0094963,0.398845,PLAU,432,22605,289341,1,30,314
rs117284601,11,57425228,A,G,1.66035,0.145231,3.49118,A,0.000480885,0.033662,SERPING1,545,26364,310238,1,49,338
rs11625058,14,95088847,A,G,0.6105,0.183438,-2.69015,A,0.00714191,0.99045,SERPINA5,1356,40342,295449,1,29,358
rs12150338,17,1634104,T,C,1.45807,0.10841,3.47863,T,0.000503988,0.0272154,SERPINF2,2668,55648,278831,7,84,297
rs9913923,17,1703982,T,C,1.39912,0.107569,3.1221,T,0.00179565,0.0484825,SERPINF2,3102,57854,276191,6,87,295
rs1047286,19,6713262,A,G,0.690453,0.0984053,-3.7641,A,0.000167152,0.0374421,C3,15410,113395,208342,7,109,272
rs2230199,19,6718387,C,G,0.717394,0.0975522,-3.40463,C,0.000662528,0.0637975,C3,14584,108678,201485,7,112,260
rs2230203,19,6710782,T,G,0.710772,0.102384,-3.33453,T,0.000854431,0.0637975,C3,12141,104509,220497,7,98,283
rs344560,19,6665020,C,T,1.47506,0.133886,2.90318,T,0.00369399,0.206864,C3,301200,34997,950,328,59,1
rs2230205,19,6709704,T,C,1.30035,0.0999949,2.62645,T,0.0086281,0.344427,C3,4915,72805,259427,8,103,277
rs11696134,20,23011468,G,A,0.818716,0.0756509,-2.64395,A,0.00819438,0.229443,THBD,126074,160017,51056,171,168,49
